Group 1,Group 2,H,p-value,q-value
ambient (n=7),hot (n=8),3.8705357142857153,0.04914083391185104,0.04914083391185104
